age,Number of Attacks
0.416666667,1
0.833333333,1
1.0,2
3.0,4
4.0,2
5.0,3
6.0,2
7.0,2
8.0,1
9.0,1
10.0,1
11.0,4
12.0,3
15.0,1
16.0,2
18.0,5
19.0,6
20.0,1
22.0,2
23.0,1
24.0,6
25.0,3
26.0,3
27.0,2
28.0,4
29.0,3
30.0,2
31.0,5
32.0,4
33.0,3
35.0,1
36.0,1
37.0,6
38.0,4
39.0,1
40.0,8
41.0,1
43.0,1
44.0,2
45.0,3
46.0,2
48.0,3
49.0,2
50.0,3
51.0,5
52.0,1
53.0,5
54.0,3
55.0,2
56.0,2
57.0,1
58.0,1
59.0,2
60.0,3
61.0,3
63.0,1
64.0,3
65.0,1
68.0,2
69.0,1
70.0,3
71.0,1
72.0,1
74.0,1
76.0,1
77.0,2
93.0,1
